2428951434,苏州规划阿秉,王富海规划
3059794242,Echolley,王富海规划
2665053413,島上的男爵,王富海规划
1233336911,贺承军,王富海规划
1689230501,麦肯锡季刊,王富海规划
1859630497,余治国观察,王富海规划
2839965362,王志军观博,王富海规划
1517845650,全氏围脖-全永燊絮语,王富海规划
2255670821,尹稚,王富海规划
2526951555,spring-bird,王富海规划
1496850204,封新城,王富海规划
1641945563,区文Owen,王富海规划
1223299212,牛刀,王富海规划
1429410204,知行合一张国华,王富海规划
1401299304,Philliesflyers,王富海规划
1676357203,杨保军,王富海规划
1898931703,申晓力,王富海规划
1620631364,孙成仁新都市规划,王富海规划
2128483157,栾峰1239,王富海规划
1311082967,传媒挚淳,王富海规划
3180720274,中国城市规划设计研究院,王富海规划
3121152923,-Jennife-,王富海规划
1656312042,以斯帖狗,王富海规划
1911121020,濮老板,王富海规划
2137238261,绿色零立方,王富海规划
1745573472,急诊科女超人于莺,王富海规划
1930034745,华阳国际_唐志华,王富海规划
1003128015,赵云伟博士,王富海规划
1036437054,0HOLT0,王富海规划
1959204751,劉珩_doreen,王富海规划
2320129807,站定宫门叫小番,王富海规划
1220291284,作业本,王富海规划
1933818237,宁宁ningningxu,王富海规划
1805489442,摄影师陆杰,王富海规划
1671342103,张泉灵,王富海规划
1747366741,网眼八分斋,王富海规划
1645101450,假装在纽约,王富海规划
2173685532,城市规划英文版,王富海规划
3266865447,工程规划的春天,王富海规划
1935396107,中国城市和小城镇中心,王富海规划
1797168767,大城微声,王富海规划
2107766904,左兑右离,王富海规划
1690044235,兰亚红,王富海规划
2037872137,onze1188,王富海规划
3198107313,四海方舟2012,王富海规划
2003820775,乔乔Candy,王富海规划
2384746002,毛_豆_老豆,王富海规划
1432333925,那郭建波看天下,王富海规划
2144708992,袁奇峰规划,王富海规划
1250192997,夏雨Eunice,王富海规划
1976435797,秦元深圳,王富海规划
1721825977,许小年,王富海规划
1496820604,程青,王富海规划
1975492981,岸芷汀兰-传媒,王富海规划
1855785275,只知道酣睡的闵猫猫,王富海规划
1005005114,饶小军V,王富海规划
1198389164,陈劲松,王富海规划
1402823494,李郇-城市化,王富海规划
2205336874,老高的浮云,王富海规划
2117629080,狮子林-张震宇,王富海规划
1687240847,规划小僧,王富海规划
1171964670,yang_yifan,王富海规划
2112524341,邱记茶馆,王富海规划
1723981287,潘金莲日记,王富海规划
1639075680,城市规划专业交流,王富海规划
2327658082,城市设计万钧,王富海规划
2062195520,张松514,王富海规划
1099512181,黄亚平_华中科大,王富海规划
2118207584,城市空间唐曦文,王富海规划
1406780987,城市规划师敬东,王富海规划
1676225540,chienvivian,王富海规划
2097124973,王世福阅城,王富海规划
2156924260,深圳蕾奥城市规划,王富海规划
1863057363,秦朔,王富海规划
2636607733,规划年会,王富海规划
2711218447,田莉planner,王富海规划
2457903910,深圳市城市交通白皮书,王富海规划
2001149307,王波tzh,王富海规划
2184027533,城乡规划网络学习平台,王富海规划
1930162204,菁海辶间,王富海规划
1781387491,微博iPhone客户端,王富海规划
1770646902,张梧峰,王富海规划
2154102690,妙宇星空,王富海规划
2122895045,中国历史建筑保护网,王富海规划
1610051605,yankang669,王富海规划
2057384454,深圳热点,王富海规划
2285618580,俞斯佳,王富海规划
1779036530,何潇宁,王富海规划
2770068403,tj老真,王富海规划
1629681802,中国书画艺术,王富海规划
2230429483,Urban-Bung,王富海规划
2131445784,深圳规划邹兵,王富海规划
2130116231,周江评,王富海规划
1859367324,董超在现场,王富海规划
1676176505,李津逵,王富海规划
1661325893,广州新浪房产,王富海规划
1655686064,流浪的小鱼,王富海规划
2056815092,Cara晓春,王富海规划
1798330264,诸大建,王富海规划
1705619167,胡子明围脖,王富海规划
1451305591,XUZHONG0328,王富海规划
1817740351,王兰WLAN,王富海规划
2031046623,冼剑雄,王富海规划
1748804141,胡天新,王富海规划
1051163990,东张西望的陈小怡,王富海规划
1301732760,城市中国,王富海规划
1708242847,刘力博士,王富海规划
1454119643,zhangwenqi_1216,王富海规划
1813313920,QIN-雨,王富海规划
1869963033,小狐围脖南京,王富海规划
1687486525,颜小茜,王富海规划
1899019960,王伟强,王富海规划
2489771123,信者居易,王富海规划
2152905692,粤商转播台,王富海规划
1375862257,孙施文,王富海规划
2127817111,规划师石楠,王富海规划
1650297684,庞伟_景观观点,王富海规划
2840274521,建大老段,王富海规划
1805673751,王缉宪,王富海规划
2521220841,Yale_徐忠平,王富海规划
2430035533,正_1,王富海规划
2610584165,宋彦-规划,王富海规划
1651274672,绒毛小仪,王富海规划
1893471641,张险峰-规划人的生活,王富海规划
2012541163,罗雷Ray,王富海规划
1036788487,谢奕秋,王富海规划
1885190932,侯丽_L,王富海规划
1766622267,非常建筑师,王富海规划
1297419820,汤海孺,王富海规划
1133106970,长公子威_张威,王富海规划
1225679302,城市智商,王富海规划
1956253180,港大李卫锋,王富海规划
2820032410,明朗客,王富海规划
2117133394,规划张三,王富海规划
1916196045,深圳政协金心异委员,王富海规划
1376723560,程一木,王富海规划
1414148492,共识网,王富海规划
1711649863,肖水龙,王富海规划
2892786960,深圳微博发布厅,王富海规划
2934656870,深圳联播,王富海规划
1420488337,舒泰峰,王富海规划
2119596753,Bobomama2000,王富海规划
2128713531,凤凰城市,王富海规划
2125243597,中国凤凰茶馆,王富海规划
2010812491,规划师斌舶,王富海规划
2640865607,淮文斌,王富海规划
2027402190,深圳市规划国土委,王富海规划
1401437913,笑谭中国,王富海规划
2767176904,深圳市企联,王富海规划
1963037651,马向明微博,王富海规划
1070754721,城规田宝江,王富海规划
1147122732,冯奎,王富海规划
1931079151,娟子佑佑,王富海规划
1942771490,樵山潮人,王富海规划
1740428503,规划中国,王富海规划
1903055994,05的空间,王富海规划
1744259092,凯迪网络,王富海规划
1025696971,豁蒙_suman,王富海规划
1988109375,马蹄香,王富海规划
2156809164,红楼鬼话-魏立华,王富海规划
1852453573,糊噜噜,王富海规划
2661298321,李佐军,王富海规划
1496977420,晓昱扬帆,王富海规划
1975785387,静规划安天下,王富海规划
1994792770,汤桦,王富海规划
1698201571,云慕鸿,王富海规划
2115984241,罗震东,王富海规划
1697562765,梁伟清华同衡,王富海规划
2696115371,董鉴泓,王富海规划
1596329427,克里斯托夫-金,王富海规划
2846094117,城市的崛起,王富海规划
3161170922,孙一民工作室,王富海规划
2129997325,Wang-Yajuan,王富海规划
1735862554,南方日报深圳观察,王富海规划
2251594725,不一样的雪地红叶,王富海规划
1687073543,-章炜-,王富海规划
1948030305,尹香武_半求,王富海规划
2313290200,sysu-黄耿志,王富海规划
1916783204,深圳政协委员谭刚,王富海规划
2116419941,Tony钱,王富海规划
1290054490,邹永华z,王富海规划
1040691982,蕾奥朱旭辉,王富海规划
1783675090,咪糊猫,王富海规划
2674817072,陈荣_规划与玉与禅,王富海规划
1097626460,sunaj2011,王富海规划
1820787284,RIPTIDE锐态,王富海规划
1093622153,吴祚来,王富海规划
2151048333,UT军张,王富海规划
2304418954,王__晓东,王富海规划
2181663045,规划师小雅,王富海规划
1902275902,都是梦想惹得星空灿烂,王富海规划
1562536164,971粉粉,王富海规划
1895376871,程澐,王富海规划
2495091822,城脉,王富海规划
1449762394,深圳温国辉,王富海规划
1739562541,胥苗龙,王富海规划
2188379431,中大袁媛,王富海规划
2785948777,蓝林恩熙Sophia,王富海规划
1676635291,王璞,王富海规划
2586020124,澳門我城社區規劃合作社,王富海规划
1707295914,木剑先生-刘磊,王富海规划
2342338430,刘宛遛弯儿,王富海规划
1958114904,川西异客,王富海规划
1657532844,中国城市发展网官方,王富海规划
1170770484,牛牛花儿,王富海规划
1782059323,何万篷,王富海规划
2996726741,上海麦塔城市规划设计有限公司,王富海规划
1676448314,索一休,王富海规划
1775280033,安息火山,王富海规划
1785075601,周天勇,王富海规划
1491002813,马路客,王富海规划
1673450991,建筑在线,王富海规划
2398221160,苏运升,王富海规划
1100126534,金余QQ,王富海规划
3172682147,丁榮生丁榮生,王富海规划
1927851460,程程-橙子,王富海规划
1570014091,卢诗华_规划与建筑及其他,王富海规划
1884714837,孙振华的葱,王富海规划
1401277175,TTY一灯,王富海规划
1210577820,王志纲,王富海规划
2091331205,李京生123,王富海规划
2858032360,深圳市规划和国土资源委,王富海规划
2245192311,蒋依依的微博,王富海规划
2953498642,记记手机日记,王富海规划
2608407297,匠心营国-耿宏兵,王富海规划
1910238847,金矢,王富海规划
1649457955,广大大,王富海规划
1420655977,张播,王富海规划
1816871887,秀水嘉禾,王富海规划
1194868525,张颐武,王富海规划
1705602977,设计英才网官方微博,王富海规划
1496816727,北极熊爸,王富海规划
2001675890,黄师傅2011,王富海规划
1847426285,老梁-有话说,王富海规划
1923958755,DPC规划设计展览会,王富海规划
1223237202,华生2010,王富海规划
2421898012,王缉慈,王富海规划
1378505195,-土壤-,王富海规划
2630419195,同济王新哲,王富海规划
1714338833,因特虎老亨,王富海规划
1011440193,吴志强WUS,王富海规划
2775956487,中国城市规划设计研究院深圳分院,王富海规划
3454610032,山东老昝,王富海规划
1134851321,叶家的小珈珈,王富海规划
1661074762,燕西非_陶滔,王富海规划
1916539502,深圳人大代表郑学定,王富海规划
1403920593,京城斩公靳东晓,王富海规划
2151929544,真水无香1973,王富海规划
2217448555,王凯中规院,王富海规划
2196003565,孟建民mjm,王富海规划
1715739383,毕学锋bxf,王富海规划
1800850901,吴必虎,王富海规划
1862426362,深圳陈希,王富海规划
2281577804,WA_WA80,王富海规划
1747368591,一个头N个大,王富海规划
1496926603,chuanch,王富海规划
2187789502,城市规划资讯,王富海规划
1767493280,明其道_先生,王富海规划
1930097187,深圳市城市设计促进中心,王富海规划
2772321831,城市规划杂志,王富海规划
1980662380,封昌红,王富海规划
2934312410,吴缚龙,王富海规划
2153287870,流泉-胖子小心肝儿,王富海规划
1781379945,微博Android客户端,王富海规划
1933278647,欢乐水晶晶,王富海规划
1402474962,烽炼,王富海规划
1950034254,东大周永忠,王富海规划
2132451820,中国城市规划学会,王富海规划
1335746093,刘朝晖_,王富海规划
1845595223,振興路規畫藍領,王富海规划
1793654110,假城道,中国城市规划设计研究院深圳分院
1218923720,小熊婷婷Cecilia,中国城市规划设计研究院深圳分院
1368925200,凯恩小斯,中国城市规划设计研究院深圳分院
2255670821,尹稚,中国城市规划设计研究院深圳分院
1782874742,深圳清华大学研究院,中国城市规划设计研究院深圳分院
1906790387,赵亮的微,中国城市规划设计研究院深圳分院
1971428837,靠谱的佳卓,中国城市规划设计研究院深圳分院
2112524341,邱记茶馆,中国城市规划设计研究院深圳分院
1664941763,金哲de围脖,中国城市规划设计研究院深圳分院
1429410204,知行合一张国华,中国城市规划设计研究院深圳分院
1676357203,杨保军,中国城市规划设计研究院深圳分院
1412310310,高木植,中国城市规划设计研究院深圳分院
1794389305,forever_eco,中国城市规划设计研究院深圳分院
1861810245,Xumingming_Caupd,中国城市规划设计研究院深圳分院
2127817111,规划师石楠,中国城市规划设计研究院深圳分院
1706574214,朱小筱,中国城市规划设计研究院深圳分院
2128472304,章明OriginalDesign,中国城市规划设计研究院深圳分院
1784432235,无聊游水虾,中国城市规划设计研究院深圳分院
3096705901,深圳市前海管理局,中国城市规划设计研究院深圳分院
1003128015,赵云伟博士,中国城市规划设计研究院深圳分院
1794467525,纪录鼓楼,中国城市规划设计研究院深圳分院
1402694641,十年沧海,中国城市规划设计研究院深圳分院
1881907762,TAOJAN,中国城市规划设计研究院深圳分院
1833547551,狗振子,中国城市规划设计研究院深圳分院
2115984241,罗震东,中国城市规划设计研究院深圳分院
1813210443,麦子程,中国城市规划设计研究院深圳分院
1892742605,浮游生物-yl,中国城市规划设计研究院深圳分院
1865459081,D0NGKE,中国城市规划设计研究院深圳分院
1662824205,芒果漂流记,中国城市规划设计研究院深圳分院
2249422111,陈鹏caupd,中国城市规划设计研究院深圳分院
1407342130,厂皮,中国城市规划设计研究院深圳分院
1405793213,李慧轩_,中国城市规划设计研究院深圳分院
1155463344,深圳曹汉平,中国城市规划设计研究院深圳分院
2789721340,07政行清涵,中国城市规划设计研究院深圳分院
1237552097,俞昌斌,中国城市规划设计研究院深圳分院
2037872137,onze1188,中国城市规划设计研究院深圳分院
1894082757,pp_豪,中国城市规划设计研究院深圳分院
1233336911,贺承军,中国城市规划设计研究院深圳分院
2326529195,两江规划,中国城市规划设计研究院深圳分院
1746135580,isabe,中国城市规划设计研究院深圳分院
1721825977,许小年,中国城市规划设计研究院深圳分院
1400434053,真-刘明喆,中国城市规划设计研究院深圳分院
1773682092,南海匠人,中国城市规划设计研究院深圳分院
2098993602,桥瑟雨菱在沧浪,中国城市规划设计研究院深圳分院
1826004027,antelope1979,中国城市规划设计研究院深圳分院
1929634283,C家用地,中国城市规划设计研究院深圳分院
1237358497,马清运的微博,中国城市规划设计研究院深圳分院
1864611157,提提的围脖,中国城市规划设计研究院深圳分院
1961664557,圈圈_趴趴,中国城市规划设计研究院深圳分院
1949305184,微博桌面,中国城市规划设计研究院深圳分院
1822996685,寿劲松,中国城市规划设计研究院深圳分院
1225695625,犀牛戏水,中国城市规划设计研究院深圳分院
1811910524,sansanfeng,中国城市规划设计研究院深圳分院
1971252347,Angelas罗小倩,中国城市规划设计研究院深圳分院
1639075680,城市规划专业交流,中国城市规划设计研究院深圳分院
1877054785,宏韬2013,中国城市规划设计研究院深圳分院
2132451820,中国城市规划学会,中国城市规划设计研究院深圳分院
1234762024,开彦,中国城市规划设计研究院深圳分院
2173819343,刘琛0086,中国城市规划设计研究院深圳分院
1651980683,深圳规划孙畅,中国城市规划设计研究院深圳分院
1588365792,龚光君1983,中国城市规划设计研究院深圳分院
2156924260,深圳蕾奥城市规划,中国城市规划设计研究院深圳分院
1730365875,企业微博助理,中国城市规划设计研究院深圳分院
1933047967,嘟嘟的老爸2010,中国城市规划设计研究院深圳分院
1772677564,王峰ajax,中国城市规划设计研究院深圳分院
1888994222,周海波I,中国城市规划设计研究院深圳分院
1642909335,微博小秘书,中国城市规划设计研究院深圳分院
1975785387,静规划安天下,中国城市规划设计研究院深圳分院
1528337582,LANDSSS设计,中国城市规划设计研究院深圳分院
1748804141,胡天新,中国城市规划设计研究院深圳分院
2230429483,Urban-Bung,中国城市规划设计研究院深圳分院
1280156013,噢噢喔喔哦哦OO,中国城市规划设计研究院深圳分院
1874261175,香港大学官方微博,中国城市规划设计研究院深圳分院
2048328407,sumeen,中国城市规划设计研究院深圳分院
1895083387,lynia,中国城市规划设计研究院深圳分院
1409115052,流浪的小影子,中国城市规划设计研究院深圳分院
2127470275,程龙加油,中国城市规划设计研究院深圳分院
1436809885,加菲猫sz07,中国城市规划设计研究院深圳分院
1817740351,王兰WLAN,中国城市规划设计研究院深圳分院
1806941622,小张同学---Ice,中国城市规划设计研究院深圳分院
1933909112,蝶翠老猫,中国城市规划设计研究院深圳分院
3266535421,城镇水务与工程研究院,中国城市规划设计研究院深圳分院
2335414090,猫猫们的天狗,中国城市规划设计研究院深圳分院
2803471564,qpzmwoxn129497,中国城市规划设计研究院深圳分院
2239890747,杉米_小小,中国城市规划设计研究院深圳分院
1878545617,我是赵厂长,中国城市规划设计研究院深圳分院
1869963033,小狐围脖南京,中国城市规划设计研究院深圳分院
1260411701,Geo-apprentice,中国城市规划设计研究院深圳分院
1723622780,美国规划协会,中国城市规划设计研究院深圳分院
2006397831,申远空间设计王正军,中国城市规划设计研究院深圳分院
2464936362,林瑋婕,中国城市规划设计研究院深圳分院
2789980564,22222222222222清绮,中国城市规划设计研究院深圳分院
2251594725,不一样的雪地红叶,中国城市规划设计研究院深圳分院
1873814284,邹涛CAUP,中国城市规划设计研究院深圳分院
1650297684,庞伟_景观观点,中国城市规划设计研究院深圳分院
1835406283,denis_summer,中国城市规划设计研究院深圳分院
2883017845,哈工大就业,中国城市规划设计研究院深圳分院
2675242321,李剑仕,中国城市规划设计研究院深圳分院
1497430180,冯凡planner,中国城市规划设计研究院深圳分院
2521220841,Yale_徐忠平,中国城市规划设计研究院深圳分院
2095696670,中山大学研究生会,中国城市规划设计研究院深圳分院
2285588303,牛尾上的蚊子,中国城市规划设计研究院深圳分院
1995160095,城市规划学刊--jlxiao,中国城市规划设计研究院深圳分院
2740451532,陈佳骏也要开心,中国城市规划设计研究院深圳分院
1885668743,城规任胜飞,中国城市规划设计研究院深圳分院
1830420574,北京客-贵贵,中国城市规划设计研究院深圳分院
1401705857,格林威治时间的小窝,中国城市规划设计研究院深圳分院
1225679302,城市智商,中国城市规划设计研究院深圳分院
1035662737,活在同一天,中国城市规划设计研究院深圳分院
1644787197,永丁燃松,中国城市规划设计研究院深圳分院
2128483157,栾峰1239,中国城市规划设计研究院深圳分院
2151074090,五月沙棘花,中国城市规划设计研究院深圳分院
1741898081,zhanghw21,中国城市规划设计研究院深圳分院
1822779365,孙小佩,中国城市规划设计研究院深圳分院
2097124973,王世福阅城,中国城市规划设计研究院深圳分院
1407942780,唐珊blog-ady,中国城市规划设计研究院深圳分院
1893471641,张险峰-规划人的生活,中国城市规划设计研究院深圳分院
1777494764,18岁的俊明blue,中国城市规划设计研究院深圳分院
1883648993,同济大学BBS,中国城市规划设计研究院深圳分院
1235519460,0000000绿铃,中国城市规划设计研究院深圳分院
2010761464,diego迭戈,中国城市规划设计研究院深圳分院
1443664325,i还看今朝,中国城市规划设计研究院深圳分院
2018027923,中规院玉树工作组,中国城市规划设计研究院深圳分院
2920549952,处女迹部景吾1994,中国城市规划设计研究院深圳分院
2810364050,大姑娘阿散井恋次,中国城市规划设计研究院深圳分院
1439591115,_Melinda_,中国城市规划设计研究院深圳分院
1736556003,张鹏_Patrick,中国城市规划设计研究院深圳分院
1070754721,城规田宝江,中国城市规划设计研究院深圳分院
1147122732,冯奎,中国城市规划设计研究院深圳分院
2728177385,企业微参考,中国城市规划设计研究院深圳分院
1840134345,林涛_集群评论员,中国城市规划设计研究院深圳分院
1655102792,felixgao,中国城市规划设计研究院深圳分院
1980299871,清华大学学生会,中国城市规划设计研究院深圳分院
1601563590,代秀龙-upla,中国城市规划设计研究院深圳分院
1497443132,傅振国,中国城市规划设计研究院深圳分院
1859738505,笑而不语的老友粉,中国城市规划设计研究院深圳分院
1296529233,刘强-同舟共济,中国城市规划设计研究院深圳分院
1900232583,俞静F,中国城市规划设计研究院深圳分院
1432798271,Less-or-N,中国城市规划设计研究院深圳分院
2475844860,Echo晓,中国城市规划设计研究院深圳分院
1612672424,于立_在威尔士卡村窝着,中国城市规划设计研究院深圳分院
2177993751,何为规划,中国城市规划设计研究院深圳分院
3386749232,芦山县灾后重建规划组,中国城市规划设计研究院深圳分院
2200585927,北京大学深圳研究生院,中国城市规划设计研究院深圳分院
2194556831,立群斯基,中国城市规划设计研究院深圳分院
1676317545,清华大学,中国城市规划设计研究院深圳分院
1778272104,18岁的兰英Cindy,中国城市规划设计研究院深圳分院
1932554064,生态设计低碳生活,中国城市规划设计研究院深圳分院
1798914307,规划小旭,中国城市规划设计研究院深圳分院
1605359285,杨书涵义,中国城市规划设计研究院深圳分院
2665561065,中国城市规划设计研究院西部分院,中国城市规划设计研究院深圳分院
1923327674,唐崇武,中国城市规划设计研究院深圳分院
2537540024,城市规划学刊,中国城市规划设计研究院深圳分院
1902275902,都是梦想惹得星空灿烂,中国城市规划设计研究院深圳分院
3034927685,youtouch2012,中国城市规划设计研究院深圳分院
2131781093,董向锋1978,中国城市规划设计研究院深圳分院
1237807280,深圳_大鹏湾,中国城市规划设计研究院深圳分院
1823790847,阿明爪子,中国城市规划设计研究院深圳分院
2056815092,Cara晓春,中国城市规划设计研究院深圳分院
1879297722,coralmice,中国城市规划设计研究院深圳分院
1764455997,iViGGo,中国城市规划设计研究院深圳分院
1963995354,大可jacky,中国城市规划设计研究院深圳分院
1756517887,蔡筠_,中国城市规划设计研究院深圳分院
1707295914,木剑先生-刘磊,中国城市规划设计研究院深圳分院
1866942320,秋去秋再来,中国城市规划设计研究院深圳分院
1708242847,刘力博士,中国城市规划设计研究院深圳分院
1740818962,麻辣鞭炮花JC,中国城市规划设计研究院深圳分院
2072087291,同济陈晨,中国城市规划设计研究院深圳分院
1865905142,晒太阳sunshine,中国城市规划设计研究院深圳分院
1437539603,coolgirl娟妍,中国城市规划设计研究院深圳分院
2119092745,Devil_angel96,中国城市规划设计研究院深圳分院
2854618284,米苏张小虎,中国城市规划设计研究院深圳分院
2019706031,DONGWEI-MOMO,中国城市规划设计研究院深圳分院
2459702394,同济大学学生就业指导中心,中国城市规划设计研究院深圳分院
2398221160,苏运升,中国城市规划设计研究院深圳分院
1421233110,危言规划,中国城市规划设计研究院深圳分院
1963343613,Asiacity,中国城市规划设计研究院深圳分院
2251882707,佛萝啦,中国城市规划设计研究院深圳分院
1874362225,蓝弋2010,中国城市规划设计研究院深圳分院
1097952885,MomoZone,中国城市规划设计研究院深圳分院
1409431402,七把吉它,中国城市规划设计研究院深圳分院
2081317095,陈志端,中国城市规划设计研究院深圳分院
1446716917,还是那片深蓝,中国城市规划设计研究院深圳分院
1797168767,大城微声,中国城市规划设计研究院深圳分院
1454620343,南萧亭,中国城市规划设计研究院深圳分院
1793735244,易晓峰gz,中国城市规划设计研究院深圳分院
1013147297,徐海贤,中国城市规划设计研究院深圳分院
1307956891,管不住嘴的吃货想减肥-琦,中国城市规划设计研究院深圳分院
2504164370,钮心毅,中国城市规划设计研究院深圳分院
1865029553,設計物語LAI,中国城市规划设计研究院深圳分院
1593387495,规划师和摄影师,中国城市规划设计研究院深圳分院
2007202953,mardey,中国城市规划设计研究院深圳分院
1005005114,饶小军V,中国城市规划设计研究院深圳分院
2018718691,大头_洪涛,中国城市规划设计研究院深圳分院
1834183610,老雒luo,中国城市规划设计研究院深圳分院
1852633103,SUMMER巴巴鲁,中国城市规划设计研究院深圳分院
2808130880,小妹阿尔德拉,中国城市规划设计研究院深圳分院
1747892302,Ellen_UPR,中国城市规划设计研究院深圳分院
1401234984,漂流瓶liouhuei,中国城市规划设计研究院深圳分院
1407785737,锆_尘,中国城市规划设计研究院深圳分院
1400028804,YinHL_,中国城市规划设计研究院深圳分院
1989632001,顾福福,中国城市规划设计研究院深圳分院
1934183965,微博管理员,中国城市规划设计研究院深圳分院
2118683684,深圳清华研究院DBA与PhD,中国城市规划设计研究院深圳分院
2132449890,华南理工大学就业在线,中国城市规划设计研究院深圳分院
1747368591,一个头N个大,中国城市规划设计研究院深圳分院
1757452285,Boss-Kang,中国城市规划设计研究院深圳分院
1724921917,云逸Mimi,中国城市规划设计研究院深圳分院
3168059951,上海天意天映文化传播,中国城市规划设计研究院深圳分院
2084391013,深圳大象,中国城市规划设计研究院深圳分院
1885122610,薛薛crystal,中国城市规划设计研究院深圳分院
1704886972,康微博_0506,中国城市规划设计研究院深圳分院
1678870364,企业认证服务,中国城市规划设计研究院深圳分院
2383784152,陆地围脖,中国城市规划设计研究院深圳分院
1865637182,睡神-宅人-吃货,中国城市规划设计研究院深圳分院
2001675890,黄师傅2011,中国城市规划设计研究院深圳分院
1263604374,韩依纹_EVA,中国城市规划设计研究院深圳分院
1933278647,欢乐水晶晶,中国城市规划设计研究院深圳分院
1726975032,哈尔滨工业大学招生办,中国城市规划设计研究院深圳分院
1583301300,大爱和畅,中国城市规划设计研究院深圳分院
2010278615,viimo,中国城市规划设计研究院深圳分院
1614037520,余英,中国城市规划设计研究院深圳分院
1335746093,刘朝晖_,中国城市规划设计研究院深圳分院
2178841144,清华大学住区杂志,中国城市规划设计研究院深圳分院
2694863670,我期待回到童真的神采,中国城市规划设计研究院深圳分院
2143851385,海洋于外,中国城市规划设计研究院深圳分院
2201288185,刘博一般在早上七点三十分起床,中国城市规划设计研究院深圳分院
1824870163,ant1999,中国城市规划设计研究院深圳分院
1999143575,王富海规划,中国城市规划设计研究院深圳分院
1402572801,肖莹光,中国城市规划设计研究院深圳分院
2004546587,刘举-规划,中国城市规划设计研究院深圳分院
2772321831,城市规划杂志,中国城市规划设计研究院深圳分院
1915566245,奔跑de竞宇,中国城市规划设计研究院深圳分院
2062195520,张松514,中国城市规划设计研究院深圳分院
1842566243,农夫姗泉,中国城市规划设计研究院深圳分院
1890980632,fullup,中国城市规划设计研究院深圳分院
2285618580,俞斯佳,中国城市规划设计研究院深圳分院
1969004471,Jendy白,中国城市规划设计研究院深圳分院
1769305255,lilyis_,中国城市规划设计研究院深圳分院
1190651465,赵_蔚,中国城市规划设计研究院深圳分院
1820813781,SUPER不YOUNG,中国城市规划设计研究院深圳分院
1749748441,WACKY伍,中国城市规划设计研究院深圳分院
3180720274,中国城市规划设计研究院,中国城市规划设计研究院深圳分院
2671109275,新手指南,中国城市规划设计研究院深圳分院
2164782435,郭湘闽,中国城市规划设计研究院深圳分院
1667581453,阳光的杜杜,中国城市规划设计研究院深圳分院
2598857707,UA_杨凌,中国城市规划设计研究院深圳分院
1881874080,菜菜不做饭,中国城市规划设计研究院深圳分院
2590412790,Catmiss2,中国城市规划设计研究院深圳分院
1644787534,小7妞,中国城市规划设计研究院深圳分院
1959204751,劉珩_doreen,中国城市规划设计研究院深圳分院
2704106041,ArcGIS中国培训中心,中国城市规划设计研究院深圳分院
2231185865,Hongjiie,中国城市规划设计研究院深圳分院
2327658082,城市设计万钧,中国城市规划设计研究院深圳分院
1994432344,卓_WADE,中国城市规划设计研究院深圳分院
1855785275,只知道酣睡的闵猫猫,中国城市规划设计研究院深圳分院
2027747442,时代建筑戴春,中国城市规划设计研究院深圳分院
1928737010,土豆阿門110,中国城市规划设计研究院深圳分院
2635789851,明显耳东陈,中国城市规划设计研究院深圳分院
1420655977,张播,中国城市规划设计研究院深圳分院
1807640522,陈深达,中国城市规划设计研究院深圳分院
2013310652,依拉里来,中国城市规划设计研究院深圳分院
1434920341,李志平_city001,中国城市规划设计研究院深圳分院
1678550781,马生泓-建筑师专访,中国城市规划设计研究院深圳分院
2144708992,袁奇峰规划,中国城市规划设计研究院深圳分院
2102272572,光芒CA,中国城市规划设计研究院深圳分院
1895947650,努力-做最好的自己,中国城市规划设计研究院深圳分院
2348248513,台山飞,中国城市规划设计研究院深圳分院
2159453704,SYSU-plalsj,中国城市规划设计研究院深圳分院
1679753137,乔栋-友成基金会,中国城市规划设计研究院深圳分院
1452043882,小拉在sz,中国城市规划设计研究院深圳分院
1403839663,刘悦来,中国城市规划设计研究院深圳分院
1401130602,破锣-孙四,中国城市规划设计研究院深圳分院
1819644587,popmouse007,中国城市规划设计研究院深圳分院
2205336874,老高的浮云,中国城市规划设计研究院深圳分院
1401151052,干靓Amy,中国城市规划设计研究院深圳分院
1106932221,晨光曦,中国城市规划设计研究院深圳分院
1306880240,长江头嘉陵北,中国城市规划设计研究院深圳分院
1171964670,yang_yifan,中国城市规划设计研究院深圳分院
2122895045,中国历史建筑保护网,中国城市规划设计研究院深圳分院
1791942375,iM小崔崔,中国城市规划设计研究院深圳分院
1990568127,规划尹成凯,中国城市规划设计研究院深圳分院
1425783080,木紫月1028,中国城市规划设计研究院深圳分院
2153167277,幸运跳跳妈,中国城市规划设计研究院深圳分院
1998962707,jonahtong,中国城市规划设计研究院深圳分院
1744337625,金婕8023,中国城市规划设计研究院深圳分院
2031724947,国匠城市规划论坛,中国城市规划设计研究院深圳分院
1308159154,LEEYB-LFC,中国城市规划设计研究院深圳分院
2636607733,规划年会,中国城市规划设计研究院深圳分院
1865154537,同济大学,中国城市规划设计研究院深圳分院
2944912033,伊戈达拉Iguodala,中国城市规划设计研究院深圳分院
1832562162,同济大学校友会,中国城市规划设计研究院深圳分院
1948107700,想像小猪,中国城市规划设计研究院深圳分院
1688466510,alakh,中国城市规划设计研究院深圳分院
1781387491,微博iPhone客户端,中国城市规划设计研究院深圳分院
1705328512,JOJO1987,中国城市规划设计研究院深圳分院
2919448240,13班勘稱傳奇景辉1987,中国城市规划设计研究院深圳分院
2254798002,周静敏de微博,中国城市规划设计研究院深圳分院
1676002594,陈洋Hanven,中国城市规划设计研究院深圳分院
1968767385,葡萄辛小胖,中国城市规划设计研究院深圳分院
1930162204,菁海辶间,中国城市规划设计研究院深圳分院
1687240847,规划小僧,中国城市规划设计研究院深圳分院
1241988090,生态旅游学者乌恩,中国城市规划设计研究院深圳分院
1773037195,alpha朱虹,中国城市规划设计研究院深圳分院
1660489635,文刀人仑THU,中国城市规划设计研究院深圳分院
2131445784,深圳规划邹兵,中国城市规划设计研究院深圳分院
1224716044,Bifacca,中国城市规划设计研究院深圳分院
1786109420,JKenyon,中国城市规划设计研究院深圳分院
1768259670,曹mu,中国城市规划设计研究院深圳分院
1285085761,追风大尾巴狼,中国城市规划设计研究院深圳分院
2551556597,哈尔滨工业大学深圳研究生院,中国城市规划设计研究院深圳分院
2084166247,Abby-pei,中国城市规划设计研究院深圳分院
2092586490,dnbe,中国城市规划设计研究院深圳分院
1798330264,诸大建,中国城市规划设计研究院深圳分院
1765359505,Leo_nono,中国城市规划设计研究院深圳分院
1884856825,玉儿1027,中国城市规划设计研究院深圳分院
1739227522,FUFUFAFA,中国城市规划设计研究院深圳分院
2016713117,微博客服,中国城市规划设计研究院深圳分院
2291037914,城市探路者,中国城市规划设计研究院深圳分院
2073283767,李翔宁的博,中国城市规划设计研究院深圳分院
1661074762,燕西非_陶滔,中国城市规划设计研究院深圳分院
1898112121,高建的昵称被抢了,中国城市规划设计研究院深圳分院
1742417155,rebacca小猫,中国城市规划设计研究院深圳分院
1885217965,vanspring2010,中国城市规划设计研究院深圳分院
1229320412,史舸,中国城市规划设计研究院深圳分院
1375862257,孙施文,中国城市规划设计研究院深圳分院
1851613025,罐头是传传,中国城市规划设计研究院深圳分院
1864804267,刘永合的微博,中国城市规划设计研究院深圳分院
1805673751,王缉宪,中国城市规划设计研究院深圳分院
1848842457,郭枫-2008,中国城市规划设计研究院深圳分院
1630652257,林-_-健,中国城市规划设计研究院深圳分院
2920260272,,中国城市规划设计研究院深圳分院
1885190932,侯丽_L,中国城市规划设计研究院深圳分院
2260310350,叶修风,中国城市规划设计研究院深圳分院
2413709584,WANGJQ_CAUPD,中国城市规划设计研究院深圳分院
2257214781,舒满楼,中国城市规划设计研究院深圳分院
1849556092,jennice345,中国城市规划设计研究院深圳分院
2493375755,焦姣011951,中国城市规划设计研究院深圳分院
1680501435,安静的狗尾巴草,中国城市规划设计研究院深圳分院
1911533883,Simplicity2011,中国城市规划设计研究院深圳分院
1855438412,ekong2000,中国城市规划设计研究院深圳分院
1462801145,吹水同学,中国城市规划设计研究院深圳分院
2092764477,yaohuasong_gz,中国城市规划设计研究院深圳分院
1953147171,京北1987,中国城市规划设计研究院深圳分院
1793461060,yw_vivi,中国城市规划设计研究院深圳分院
1858616402,German辉,中国城市规划设计研究院深圳分院
1662085493,陈斌nerd,中国城市规划设计研究院深圳分院
1866799925,like慢生活,中国城市规划设计研究院深圳分院
1849853213,IVY小袁小满,中国城市规划设计研究院深圳分院
1011440193,吴志强WUS,中国城市规划设计研究院深圳分院
1782059323,何万篷,中国城市规划设计研究院深圳分院
1918228805,文-武-道,中国城市规划设计研究院深圳分院
1963037651,马向明微博,中国城市规划设计研究院深圳分院
1653753911,卓健,中国城市规划设计研究院深圳分院
1285321943,SUSU单丛茶,中国城市规划设计研究院深圳分院
1931079151,娟子佑佑,中国城市规划设计研究院深圳分院
1687995292,行者江浩波,中国城市规划设计研究院深圳分院
1740428503,规划中国,中国城市规划设计研究院深圳分院
1646258057,匡形-新城镇规划的领导者,中国城市规划设计研究院深圳分院
2373938437,资源环境与城乡规划管理,中国城市规划设计研究院深圳分院
1012425625,规勒个划,中国城市规划设计研究院深圳分院
2398342101,叫我小瓶子,中国城市规划设计研究院深圳分院
2156809164,红楼鬼话-魏立华,中国城市规划设计研究院深圳分院
1434208855,厂皮777,中国城市规划设计研究院深圳分院
2049919575,微子高,中国城市规划设计研究院深圳分院
2042463163,同济大学研究生会,中国城市规划设计研究院深圳分院
1494873582,王英wayi,中国城市规划设计研究院深圳分院
1901311775,魏伟W,中国城市规划设计研究院深圳分院
1949018972,深圳魅力交友夜蒲加群,中国城市规划设计研究院深圳分院
1569451174,Nicolefighting2012,中国城市规划设计研究院深圳分院
2053481555,毛毛夏天_TFF,中国城市规划设计研究院深圳分院
2049451423,Germany任,中国城市规划设计研究院深圳分院
1633922357,李志刚广州,中国城市规划设计研究院深圳分院
1697562765,梁伟清华同衡,中国城市规划设计研究院深圳分院
1363481342,真真Janet,中国城市规划设计研究院深圳分院
2306061943,规划设计潇,中国城市规划设计研究院深圳分院
2109257807,城市中国网,中国城市规划设计研究院深圳分院
1925536524,0_迷糊娃娃_0,中国城市规划设计研究院深圳分院
2359605341,赵余庆规划,中国城市规划设计研究院深圳分院
1053224930,荆大爪子,中国城市规划设计研究院深圳分院
2840308163,中国地理科学仪器暨装备展览,中国城市规划设计研究院深圳分院
2187789502,城市规划资讯,中国城市规划设计研究院深圳分院
3248113980,清华同衡生态城市研究所,中国城市规划设计研究院深圳分院
2010321673,嘞咳嘞咳嘞咳,中国城市规划设计研究院深圳分院
1427283483,中规院深圳分院,中国城市规划设计研究院深圳分院
1729089442,胡胡1981,中国城市规划设计研究院深圳分院
2582841452,hyhxian,中国城市规划设计研究院深圳分院
1459173541,欧乐妮,中国城市规划设计研究院深圳分院
1765865313,分析师徐彪,中国城市规划设计研究院深圳分院
2090647477,佛曰淡定,中国城市规划设计研究院深圳分院
2674817072,陈荣_规划与玉与禅,中国城市规划设计研究院深圳分院
1848144453,冰仔_冰仔,中国城市规划设计研究院深圳分院
1079598922,小柒爱辽足_,中国城市规划设计研究院深圳分院
1449959081,深圳哈吉,中国城市规划设计研究院深圳分院
1603304132,Xl_XI,中国城市规划设计研究院深圳分院
1233394050,翕PP,中国城市规划设计研究院深圳分院
1905635315,城市与设计,中国城市规划设计研究院深圳分院
1764991433,永涛GU,中国城市规划设计研究院深圳分院
1899158172,马鋆辉,中国城市规划设计研究院深圳分院
1734430063,缓缓再说,中国城市规划设计研究院深圳分院
2920515724,在路上黑崎一护1994,中国城市规划设计研究院深圳分院
1898065072,黄威文V,中国城市规划设计研究院深圳分院
2804809457,深圳市城市规划设计研究院,中国城市规划设计研究院深圳分院
2342338430,刘宛遛弯儿,中国城市规划设计研究院深圳分院
2345038014,阿祯规划,中国城市规划设计研究院深圳分院
1957289733,慧酱正能量0_0,中国城市规划设计研究院深圳分院
1340007515,菜包bo,中国城市规划设计研究院深圳分院
2048888711,栋笃lv,中国城市规划设计研究院深圳分院
1287137967,pang狐狸,中国城市规划设计研究院深圳分院
1978919262,井晓鹏,中国城市规划设计研究院深圳分院
2829775290,songzwfoxmail,中国城市规划设计研究院深圳分院
1839805640,张永和,中国城市规划设计研究院深圳分院
1911767681,清华大学研究生会,中国城市规划设计研究院深圳分院
1678238417,风载我歌行也,中国城市规划设计研究院深圳分院
1210577820,王志纲,中国城市规划设计研究院深圳分院
2129997325,Wang-Yajuan,中国城市规划设计研究院深圳分院
1680598383,中国旅游研究,中国城市规划设计研究院深圳分院
1863363145,小猪呼噜噜rr,中国城市规划设计研究院深圳分院
1417484731,竹下春闲听雨窗,中国城市规划设计研究院深圳分院
2084844401,加菲1小7,中国城市规划设计研究院深圳分院
1881166450,LU芊言,中国城市规划设计研究院深圳分院
1910238847,金矢,中国城市规划设计研究院深圳分院
1497261092,feather0313,中国城市规划设计研究院深圳分院
1955880520,jiannan_wu,中国城市规划设计研究院深圳分院
1884835087,王冬雪1985,中国城市规划设计研究院深圳分院
1781379945,微博Android客户端,中国城市规划设计研究院深圳分院
2839453671,rosstti,中国城市规划设计研究院深圳分院
2474957613,CAUPD陈明,中国城市规划设计研究院深圳分院
2421898012,王缉慈,中国城市规划设计研究院深圳分院
1151864311,规划手艺人,中国城市规划设计研究院深圳分院
1802565640,ks系,中国城市规划设计研究院深圳分院
2630419195,同济王新哲,中国城市规划设计研究院深圳分院
2803303322,happy朱鹭户沙耶,中国城市规划设计研究院深圳分院
1725935584,竹子的法师,中国城市规划设计研究院深圳分院
1421470864,宇成大极,中国城市规划设计研究院深圳分院
2255629963,张汛翰,中国城市规划设计研究院深圳分院
1936179770,睿妈的围脖,中国城市规划设计研究院深圳分院
1899019960,王伟强,中国城市规划设计研究院深圳分院
2217448555,王凯中规院,中国城市规划设计研究院深圳分院
1845595223,振興路規畫藍領,中国城市规划设计研究院深圳分院
1733577270,悟空小二,中国城市规划设计研究院深圳分院
1800850901,吴必虎,中国城市规划设计研究院深圳分院
1416424067,营国拙匠,中国城市规划设计研究院深圳分院
3166425270,中国城市规划设计研究院上海分院,中国城市规划设计研究院深圳分院
2105025773,建筑专题v王曦,中国城市规划设计研究院深圳分院
1962310741,微相册,中国城市规划设计研究院深圳分院
2708425425,香港中文大學研究生會,中国城市规划设计研究院深圳分院
1803146573,疯格-叮咛,中国城市规划设计研究院深圳分院
1773671371,urban--farmer,中国城市规划设计研究院深圳分院
1873625985,哈尔滨工业大学,中国城市规划设计研究院深圳分院
2789834070,天蝎帕鲁,中国城市规划设计研究院深圳分院
1722393370,阳杨得一,中国城市规划设计研究院深圳分院
1804330661,满莎,中国城市规划设计研究院深圳分院
1915244793,郁郁文哉,中国城市规划设计研究院深圳分院
1402474962,烽炼,中国城市规划设计研究院深圳分院
2187707052,张磊HIT,中国城市规划设计研究院深圳分院
2093564991,舟寒,中国城市规划设计研究院深圳分院
1654097402,深港双城双年展,深圳市城市规划设计研究院
1793654110,假城道,深圳市城市规划设计研究院
2092965653,国际城市规划,深圳市城市规划设计研究院
2615394572,次第花开无声,深圳市城市规划设计研究院
1999143575,王富海规划,深圳市城市规划设计研究院
1970984185,镇江规划,深圳市城市规划设计研究院
2255670821,尹稚,深圳市城市规划设计研究院
1782874742,深圳清华大学研究院,深圳市城市规划设计研究院
2062195520,张松514,深圳市城市规划设计研究院
1676357203,杨保军,深圳市城市规划设计研究院
2285618580,俞斯佳,深圳市城市规划设计研究院
2816806134,垫江县规划局,深圳市城市规划设计研究院
1641532820,南都周刊,深圳市城市规划设计研究院
3149023234,深圳零废弃,深圳市城市规划设计研究院
1892522605,同济大学学生会TJSU,深圳市城市规划设计研究院
2127817111,规划师石楠,深圳市城市规划设计研究院
1667581453,阳光的杜杜,深圳市城市规划设计研究院
1569597151,中国园林网,深圳市城市规划设计研究院
3096705901,深圳市前海管理局,深圳市城市规划设计研究院
3213934502,时代建筑杂志,深圳市城市规划设计研究院
2397172672,荣昌县规划局,深圳市城市规划设计研究院
3053764461,无锡市规划局,深圳市城市规划设计研究院
1823024253,深圳大学学生会,深圳市城市规划设计研究院
1302248017,澧县规划局,深圳市城市规划设计研究院
1884694285,华南理工大学学生会,深圳市城市规划设计研究院
2173685532,城市规划英文版,深圳市城市规划设计研究院
1935396107,中国城市和小城镇中心,深圳市城市规划设计研究院
2520981420,中国大学视频公开课,深圳市城市规划设计研究院
1868882845,华工广州学院学生就业指导中心,深圳市城市规划设计研究院
2217074200,兰潇-楚行客,深圳市城市规划设计研究院
2011616174,南海规划,深圳市城市规划设计研究院
1233336911,贺承军,深圳市城市规划设计研究院
2326529195,两江规划,深圳市城市规划设计研究院
2660633211,新安县规划局,深圳市城市规划设计研究院
2277910625,AC规划_W,深圳市城市规划设计研究院
1930097187,深圳市城市设计促进中心,深圳市城市规划设计研究院
2837011834,马鞍山规划,深圳市城市规划设计研究院
2663689723,登封城乡规划局,深圳市城市规划设计研究院
2803301701,人民日报,深圳市城市规划设计研究院
2266179184,城市规划专指委,深圳市城市规划设计研究院
1237358497,马清运的微博,深圳市城市规划设计研究院
2972298822,西安建筑科技大学学生会,深圳市城市规划设计研究院
1865154537,同济大学,深圳市城市规划设计研究院
3099476141,深圳财政SZFC,深圳市城市规划设计研究院
2815576861,增城规划,深圳市城市规划设计研究院
2021712187,建筑规划景观设计资料,深圳市城市规划设计研究院
2573458522,张光远画苑,深圳市城市规划设计研究院
2724955717,柳州市规划局,深圳市城市规划设计研究院
3171790951,建设咨询网,深圳市城市规划设计研究院
1639075680,城市规划专业交流,深圳市城市规划设计研究院
2502495404,成都理工规划院学生会,深圳市城市规划设计研究院
1799305173,天津大学生网,深圳市城市规划设计研究院
1651980683,深圳规划孙畅,深圳市城市规划设计研究院
2537540024,城市规划学刊,深圳市城市规划设计研究院
2839048620,深圳市红树林湿地保护基金会,深圳市城市规划设计研究院
2156924260,深圳蕾奥城市规划,深圳市城市规划设计研究院
2858032552,阳光宝安,深圳市城市规划设计研究院
2554349742,青白江规划,深圳市城市规划设计研究院
1821907411,联合国环境规划署,深圳市城市规划设计研究院
2798892495,伊犁州城乡规划设计研究院,深圳市城市规划设计研究院
2714351020,江阴规划,深圳市城市规划设计研究院
2705070933,中国城市规划展组委会,深圳市城市规划设计研究院
2266290450,深圳市公园管理中心,深圳市城市规划设计研究院
1975785387,静规划安天下,深圳市城市规划设计研究院
2057384454,深圳热点,深圳市城市规划设计研究院
1054431105,国际景观协会,深圳市城市规划设计研究院
2315954083,济源市城乡规划管理局,深圳市城市规划设计研究院
3222577514,江苏仁本交通规划设计有限公司,深圳市城市规划设计研究院
2131445784,深圳规划邹兵,深圳市城市规划设计研究院
1874261175,香港大学官方微博,深圳市城市规划设计研究院
2048765610,同济校园,深圳市城市规划设计研究院
1650278347,豆豆长痘痘,深圳市城市规划设计研究院
2860723377,宿迁市规划局宿城分局,深圳市城市规划设计研究院
2551556597,哈尔滨工业大学深圳研究生院,深圳市城市规划设计研究院
2723082782,常州规划,深圳市城市规划设计研究院
3756189703,街道设计与大数据,深圳市城市规划设计研究院
2820576644,十堰市规划局建工科,深圳市城市规划设计研究院
1974254884,深圳房地产信息网,深圳市城市规划设计研究院
2031046623,冼剑雄,深圳市城市规划设计研究院
1301732760,城市中国,深圳市城市规划设计研究院
2860998382,壹读,深圳市城市规划设计研究院
3791714304,思汇政策研究所,深圳市城市规划设计研究院
2718439773,清远规划,深圳市城市规划设计研究院
1723622780,美国规划协会,深圳市城市规划设计研究院
2590419820,珠海市住房和城乡规划建设局,深圳市城市规划设计研究院
1871729063,天津大学,深圳市城市规划设计研究院
1375862257,孙施文,深圳市城市规划设计研究院
3471750462,英国朴瑞,深圳市城市规划设计研究院
2111844404,张京祥南大规划,深圳市城市规划设计研究院
1863030423,邢一顺,深圳市城市规划设计研究院
2521220841,Yale_徐忠平,深圳市城市规划设计研究院
1797174742,中山大学学生会,深圳市城市规划设计研究院
3213978314,筑博Z_Studio,深圳市城市规划设计研究院
2706473107,景观文化,深圳市城市规划设计研究院
2496686695,北京规划,深圳市城市规划设计研究院
1916196045,深圳政协金心异委员,深圳市城市规划设计研究院
2622828594,政府规划师,深圳市城市规划设计研究院
1892723783,中山大学,深圳市城市规划设计研究院
2097124973,王世福阅城,深圳市城市规划设计研究院
2892786960,深圳微博发布厅,深圳市城市规划设计研究院
2144708992,袁奇峰规划,深圳市城市规划设计研究院
3197055600,深圳绿化,深圳市城市规划设计研究院
2128713531,凤凰城市,深圳市城市规划设计研究院
2372988170,华南理工大学新闻中心,深圳市城市规划设计研究院
1011440193,吴志强WUS,深圳市城市规划设计研究院
2010812491,规划师斌舶,深圳市城市规划设计研究院
2018027923,中规院玉树工作组,深圳市城市规划设计研究院
1798330264,诸大建,深圳市城市规划设计研究院
1963037651,马向明微博,深圳市城市规划设计研究院
1070754721,城规田宝江,深圳市城市规划设计研究院
2675183351,邯郸市城乡规划局_共青团微博,深圳市城市规划设计研究院
1805673751,王缉宪,深圳市城市规划设计研究院
1740428503,规划中国,深圳市城市规划设计研究院
2156809164,红楼鬼话-魏立华,深圳市城市规划设计研究院
2627706473,洛阳市城乡规划局,深圳市城市规划设计研究院
2571597512,丹阳规划局,深圳市城市规划设计研究院
2624052687,扬州规划局青年,深圳市城市规划设计研究院
1811707572,东南大学大学生新闻社,深圳市城市规划设计研究院
1982371847,天津大学学生会,深圳市城市规划设计研究院
2239933453,深圳市建筑科学研究院,深圳市城市规划设计研究院
2671803661,武汉国土规划,深圳市城市规划设计研究院
1976020890,东南大学学生会,深圳市城市规划设计研究院
2109257807,城市中国网,深圳市城市规划设计研究院
2385807760,北京大学研究生会,深圳市城市规划设计研究院
1243629662,王缉志,深圳市城市规划设计研究院
2411911984,城市交通杂志,深圳市城市规划设计研究院
2916720804,英德市规划局,深圳市城市规划设计研究院
1845595223,振興路規畫藍領,深圳市城市规划设计研究院
2187789502,城市规划资讯,深圳市城市规划设计研究院
2708425425,香港中文大學研究生會,深圳市城市规划设计研究院
2644540971,郑州规划局,深圳市城市规划设计研究院
2200585927,北京大学深圳研究生院,深圳市城市规划设计研究院
1827652007,于建嵘,深圳市城市规划设计研究院
3319943034,西安建筑科技大学土木工程学院,深圳市城市规划设计研究院
2530254154,西安建筑科技大学校研究生会,深圳市城市规划设计研究院
3237705130,北京大学,深圳市城市规划设计研究院
1848144453,冰仔_冰仔,深圳市城市规划设计研究院
2665561065,中国城市规划设计研究院西部分院,深圳市城市规划设计研究院
2498281544,北京清华同衡规划设计研究院,深圳市城市规划设计研究院
2884375822,双流规划,深圳市城市规划设计研究院
1154591501,建筑时报广东,深圳市城市规划设计研究院
3331682764,城市影像学委会,深圳市城市规划设计研究院
2655236343,郑州城乡规划局,深圳市城市规划设计研究院
1674190040,冯果川,深圳市城市规划设计研究院
1198389164,陈劲松,深圳市城市规划设计研究院
2110701342,湛江市城市规划局,深圳市城市规划设计研究院
1193491727,王石,深圳市城市规划设计研究院
2095696670,中山大学研究生会,深圳市城市规划设计研究院
1707295914,木剑先生-刘磊,深圳市城市规划设计研究院
2248878662,宁波市规划局,深圳市城市规划设计研究院
2598911233,乌鲁木齐市规划局,深圳市城市规划设计研究院
2881290250,宝安城市管理,深圳市城市规划设计研究院
2132449890,华南理工大学就业在线,深圳市城市规划设计研究院
2616144771,地标城市规划设计,深圳市城市规划设计研究院
2103470842,GDUT建筑与城市规划学生会,深圳市城市规划设计研究院
2625446053,国际城市创新发展大会,深圳市城市规划设计研究院
2286581370,新快报_深读新闻,深圳市城市规划设计研究院
1839805640,张永和,深圳市城市规划设计研究院
2729129153,南昌规划,深圳市城市规划设计研究院
2775956487,中国城市规划设计研究院深圳分院,深圳市城市规划设计研究院
1963343613,Asiacity,深圳市城市规划设计研究院
2858032360,深圳市规划和国土资源委,深圳市城市规划设计研究院
2014158270,华南理工大学研究生会,深圳市城市规划设计研究院
2277090535,中国区域经济研究网,深圳市城市规划设计研究院
3295714561,深圳设计师俱乐部,深圳市城市规划设计研究院
1910238847,金矢,深圳市城市规划设计研究院
2042725697,天津大学研究生会,深圳市城市规划设计研究院
1191965271,三联生活周刊,深圳市城市规划设计研究院
1350962184,Trentumw613,深圳市城市规划设计研究院
2773481583,北京大学学生会pkusu,深圳市城市规划设计研究院
2677963831,鄂托克旗规划局,深圳市城市规划设计研究院
1990127523,芒果西米pu,深圳市城市规划设计研究院
1976435797,秦元深圳,深圳市城市规划设计研究院
1005005114,饶小军V,深圳市城市规划设计研究院
2421898012,王缉慈,深圳市城市规划设计研究院
2118207584,城市空间唐曦文,深圳市城市规划设计研究院
2711703073,五划合一,深圳市城市规划设计研究院
2636607733,规划年会,深圳市城市规划设计研究院
2733709780,海口市规划局,深圳市城市规划设计研究院
2649470381,阜康规划局,深圳市城市规划设计研究院
1899019960,王伟强,深圳市城市规划设计研究院
2217448555,王凯中规院,深圳市城市规划设计研究院
2196003565,孟建民mjm,深圳市城市规划设计研究院
1715739383,毕学锋bxf,深圳市城市规划设计研究院
2393797630,福建工程学院建筑与城乡规划学院,深圳市城市规划设计研究院
2612047942,宿迁-规划,深圳市城市规划设计研究院
1703010470,东南大学,深圳市城市规划设计研究院
1962310741,微相册,深圳市城市规划设计研究院
2306061943,规划设计潇,深圳市城市规划设计研究院
1676317545,清华大学,深圳市城市规划设计研究院
1871802012,深圳天气,深圳市城市规划设计研究院
2772321831,城市规划杂志,深圳市城市规划设计研究院
2408239140,深圳市城市规划设计研究院足球队,深圳市城市规划设计研究院
2663201497,东莞规划,深圳市城市规划设计研究院
1646783695,西安建筑科技大学笃实新闻网,深圳市城市规划设计研究院
2819799597,定兴县规划局2012,深圳市城市规划设计研究院
2132451820,中国城市规划学会,深圳市城市规划设计研究院
2169683527,广东建设信息网,深圳市城市规划设计研究院
